{
 "5/8": -1.2341711359311436,
 "21/32": -1.2273146099745165,
 "11/16": -1.2133696309419477,
 "23/32": -1.1854621382115764,
 "3/4": -1.1458399748460395,
 "25/32": -1.0996332857783286,
 "13/16": -1.0489624794698462,
 "27/32": -0.9951477561899362,
 "7/8": -0.9384381577168132,
 "29/32": -0.8779879163286315,
 "15/16": -0.8117206666949713,
 "31/32": -0.7371332485066168,
 "1": -0.6441398392094557
}