{
 "gate_noquot": -0.9384381507470149,
 "gate_quot": -0.9384381521262395
}