{
 "depth_1": -1.1716423210917628,
 "depth_2": -1.1292760554068133
}