{
 "A_no_spin": -0.9384381521272545,
 "B_spin": -0.9384381577168132
}