{
 "upper_max_state_G": 3.500000000168729,
 "upper_max_state": 4.1314031965311475,
 "lower_G": -0.938438156098274,
 "lower": -0.941275291106481
}